
/* DELETE users;*/
TRUNCATE TABLE USERS;

Insert into USERS (USER_ID,USER_NM,USER_PASS,ADDR1,ADDR2,ZIPCODE,REG_DT) values ('a001','김응대','a1234','대전 중구 중앙로','86','35269',to_date('2020-10-26','YYYY-MM-DD'));
Insert into USERS (USER_ID,USER_NM,USER_PASS,ADDR1,ADDR2,ZIPCODE,REG_DT) values ('b001','김안경','b1234','서울 서초구','46','35111',to_date('2020-10-26','YYYY-MM-DD'));
Insert into USERS (USER_ID,USER_NM,USER_PASS,ADDR1,ADDR2,ZIPCODE,REG_DT) values ('c001','사용자','c1234','부산 기장','66','30152',to_date('2020-10-26','YYYY-MM-DD'));
Insert into USERS (USER_ID,USER_NM,USER_PASS,ADDR1,ADDR2,ZIPCODE,REG_DT) values ('d001','고수','d1234','진주시','77','29410',to_date('2020-10-26','YYYY-MM-DD'));
Insert into USERS (USER_ID,USER_NM,USER_PASS,ADDR1,ADDR2,ZIPCODE,REG_DT) values ('e001','이파람','e1234','대구 달서구','89','13251',to_date('2020-10-26','YYYY-MM-DD'));

TRUNCATE TABLE NOTICE_GUBUN;

Insert into NOTICE_GUBUN (NTGU_CODE,NTGU_NUM,NTGU_NAME,NTGU_STAT) values ('NT001',1,'자유게시판',1);
Insert into NOTICE_GUBUN (NTGU_CODE,NTGU_NUM,NTGU_NAME,NTGU_STAT) values ('NT002',2,'FAQ',1);
Insert into NOTICE_GUBUN (NTGU_CODE,NTGU_NUM,NTGU_NAME,NTGU_STAT) values ('NT003',3,'질의게시판',1);
Insert into NOTICE_GUBUN (NTGU_CODE,NTGU_NUM,NTGU_NAME,NTGU_STAT) values ('NT004',5,'테스트',0);
Insert into NOTICE_GUBUN (NTGU_CODE,NTGU_NUM,NTGU_NAME,NTGU_STAT) values ('NT005',6,'게시판',0);
Insert into NOTICE_GUBUN (NTGU_CODE,NTGU_NUM,NTGU_NAME,NTGU_STAT) values ('NT006',7,'테스트2',0);
Insert into NOTICE_GUBUN (NTGU_CODE,NTGU_NUM,NTGU_NAME,NTGU_STAT) values ('NT111',8,'ㅇㄹㅇㄻ',0);
Insert into NOTICE_GUBUN (NTGU_CODE,NTGU_NUM,NTGU_NAME,NTGU_STAT) values ('DSFASD',9,'asdf',0);
Insert into NOTICE_GUBUN (NTGU_CODE,NTGU_NUM,NTGU_NAME,NTGU_STAT) values ('ASDSAD',10,'dd',0);
Insert into NOTICE_GUBUN (NTGU_CODE,NTGU_NUM,NTGU_NAME,NTGU_STAT) values ('DD1234',11,'1234',0);
Insert into NOTICE_GUBUN (NTGU_CODE,NTGU_NUM,NTGU_NAME,NTGU_STAT) values ('12412',12,'136563126',0);
Insert into NOTICE_GUBUN (NTGU_CODE,NTGU_NUM,NTGU_NAME,NTGU_STAT) values ('NT007',24,'맛집게시판',0);
Insert into NOTICE_GUBUN (NTGU_CODE,NTGU_NUM,NTGU_NAME,NTGU_STAT) values ('NT2222',28,'서비스테스트',0);
Insert into NOTICE_GUBUN (NTGU_CODE,NTGU_NUM,NTGU_NAME,NTGU_STAT) values ('NT1111',26,'테스트코드',0);
Insert into NOTICE_GUBUN (NTGU_CODE,NTGU_NUM,NTGU_NAME,NTGU_STAT) values ('NT3333',30,'서비스테스트',0);
Insert into NOTICE_GUBUN (NTGU_CODE,NTGU_NUM,NTGU_NAME,NTGU_STAT) values ('NT4444',32,'서비스테스트',1);
Insert into NOTICE_GUBUN (NTGU_CODE,NTGU_NUM,NTGU_NAME,NTGU_STAT) values ('FKFKFK',33,'테스트',0);
Insert into NOTICE_GUBUN (NTGU_CODE,NTGU_NUM,NTGU_NAME,NTGU_STAT) values ('NT5555',34,'서비스테스트',0);
Insert into NOTICE_GUBUN (NTGU_CODE,NTGU_NUM,NTGU_NAME,NTGU_STAT) values ('NT1010',44,'스프링',1);

TRUNCATE TABLE MINI_NOTICE;
Insert into MINI_NOTICE (NT_NUM,NTGU_CODE,USER_ID,NT_STAT,NTCONT_STAT,NT_DT,NT_TITLE,NT_PANUM) values (9,'NT003','a001',1,1,to_date('2020-10-26','YYYY-MM-DD'),'fasdfdsaf',0);
Insert into MINI_NOTICE (NT_NUM,NTGU_CODE,USER_ID,NT_STAT,NTCONT_STAT,NT_DT,NT_TITLE,NT_PANUM) values (10,'NT003','a001',1,1,to_date('2020-10-27','YYYY-MM-DD'),'테스트 11 ',0);
Insert into MINI_NOTICE (NT_NUM,NTGU_CODE,USER_ID,NT_STAT,NTCONT_STAT,NT_DT,NT_TITLE,NT_PANUM) values (11,'NT002','a001',1,1,to_date('2020-10-27','YYYY-MM-DD'),'sdgasdgasdg',0);
Insert into MINI_NOTICE (NT_NUM,NTGU_CODE,USER_ID,NT_STAT,NTCONT_STAT,NT_DT,NT_TITLE,NT_PANUM) values (12,'NT003','a001',1,1,to_date('2020-10-27','YYYY-MM-DD'),'질의게시판 테스트',0);
Insert into MINI_NOTICE (NT_NUM,NTGU_CODE,USER_ID,NT_STAT,NTCONT_STAT,NT_DT,NT_TITLE,NT_PANUM) values (14,'NT001','a001',1,1,to_date('2020-10-27','YYYY-MM-DD'),'테스트 게시판1',0);
Insert into MINI_NOTICE (NT_NUM,NTGU_CODE,USER_ID,NT_STAT,NTCONT_STAT,NT_DT,NT_TITLE,NT_PANUM) values (1,'NT001','a001',1,0,to_date('2020-10-26','YYYY-MM-DD'),'초기데이터1',0);
Insert into MINI_NOTICE (NT_NUM,NTGU_CODE,USER_ID,NT_STAT,NTCONT_STAT,NT_DT,NT_TITLE,NT_PANUM) values (2,'NT001','b001',1,1,to_date('2020-10-26','YYYY-MM-DD'),'답글입니다1',1);
Insert into MINI_NOTICE (NT_NUM,NTGU_CODE,USER_ID,NT_STAT,NTCONT_STAT,NT_DT,NT_TITLE,NT_PANUM) values (3,'NT002','c001',1,1,to_date('2020-10-26','YYYY-MM-DD'),'초기데이터2',0);
Insert into MINI_NOTICE (NT_NUM,NTGU_CODE,USER_ID,NT_STAT,NTCONT_STAT,NT_DT,NT_TITLE,NT_PANUM) values (4,'NT002','d001',1,1,to_date('2020-10-26','YYYY-MM-DD'),'답글입니다2',3);
Insert into MINI_NOTICE (NT_NUM,NTGU_CODE,USER_ID,NT_STAT,NTCONT_STAT,NT_DT,NT_TITLE,NT_PANUM) values (5,'NT003','e001',1,1,to_date('2020-10-26','YYYY-MM-DD'),'문의합니다',0);
Insert into MINI_NOTICE (NT_NUM,NTGU_CODE,USER_ID,NT_STAT,NTCONT_STAT,NT_DT,NT_TITLE,NT_PANUM) values (15,'NT001','a001',1,0,to_date('2020-10-27','YYYY-MM-DD'),'오잉',0);
Insert into MINI_NOTICE (NT_NUM,NTGU_CODE,USER_ID,NT_STAT,NTCONT_STAT,NT_DT,NT_TITLE,NT_PANUM) values (16,'NT001','a001',1,1,to_date('2020-10-27','YYYY-MM-DD'),'123',0);
Insert into MINI_NOTICE (NT_NUM,NTGU_CODE,USER_ID,NT_STAT,NTCONT_STAT,NT_DT,NT_TITLE,NT_PANUM) values (17,'NT001','a001',1,1,to_date('2020-10-27','YYYY-MM-DD'),'123123123',0);
Insert into MINI_NOTICE (NT_NUM,NTGU_CODE,USER_ID,NT_STAT,NTCONT_STAT,NT_DT,NT_TITLE,NT_PANUM) values (18,'NT001','a001',1,1,to_date('2020-10-27','YYYY-MM-DD'),'123123123123123123123',0);
Insert into MINI_NOTICE (NT_NUM,NTGU_CODE,USER_ID,NT_STAT,NTCONT_STAT,NT_DT,NT_TITLE,NT_PANUM) values (19,'NT001','a001',1,1,to_date('2020-10-27','YYYY-MM-DD'),'341235',0);
Insert into MINI_NOTICE (NT_NUM,NTGU_CODE,USER_ID,NT_STAT,NTCONT_STAT,NT_DT,NT_TITLE,NT_PANUM) values (20,'NT001','a001',1,1,to_date('2020-10-27','YYYY-MM-DD'),'341235341235341235341235341235',0);
Insert into MINI_NOTICE (NT_NUM,NTGU_CODE,USER_ID,NT_STAT,NTCONT_STAT,NT_DT,NT_TITLE,NT_PANUM) values (21,'NT001','a001',1,1,to_date('2020-10-27','YYYY-MM-DD'),'농ㄹ논ㄹ옹',0);
Insert into MINI_NOTICE (NT_NUM,NTGU_CODE,USER_ID,NT_STAT,NTCONT_STAT,NT_DT,NT_TITLE,NT_PANUM) values (22,'NT001','a001',1,1,to_date('2020-10-27','YYYY-MM-DD'),'123테스',0);
Insert into MINI_NOTICE (NT_NUM,NTGU_CODE,USER_ID,NT_STAT,NTCONT_STAT,NT_DT,NT_TITLE,NT_PANUM) values (24,'NT001','a001',1,1,to_date('2020-10-27','YYYY-MM-DD'),'파일 첨부',0);
Insert into MINI_NOTICE (NT_NUM,NTGU_CODE,USER_ID,NT_STAT,NTCONT_STAT,NT_DT,NT_TITLE,NT_PANUM) values (25,'NT001','a001',1,1,to_date('2020-10-28','YYYY-MM-DD'),'파일첨부 테스트',0);
Insert into MINI_NOTICE (NT_NUM,NTGU_CODE,USER_ID,NT_STAT,NTCONT_STAT,NT_DT,NT_TITLE,NT_PANUM) values (26,'NT002','a001',1,0,to_date('2020-10-27','YYYY-MM-DD'),'faq 테스트1',0);
Insert into MINI_NOTICE (NT_NUM,NTGU_CODE,USER_ID,NT_STAT,NTCONT_STAT,NT_DT,NT_TITLE,NT_PANUM) values (27,'NT002','a001',1,1,to_date('2020-10-27','YYYY-MM-DD'),'faq 테스트2',0);
Insert into MINI_NOTICE (NT_NUM,NTGU_CODE,USER_ID,NT_STAT,NTCONT_STAT,NT_DT,NT_TITLE,NT_PANUM) values (28,'NT002','a001',1,1,to_date('2020-10-27','YYYY-MM-DD'),'faq 테스트3',0);
Insert into MINI_NOTICE (NT_NUM,NTGU_CODE,USER_ID,NT_STAT,NTCONT_STAT,NT_DT,NT_TITLE,NT_PANUM) values (29,'NT002','a001',1,1,to_date('2020-10-27','YYYY-MM-DD'),'faq 테스트4',0);
Insert into MINI_NOTICE (NT_NUM,NTGU_CODE,USER_ID,NT_STAT,NTCONT_STAT,NT_DT,NT_TITLE,NT_PANUM) values (30,'NT002','a001',1,1,to_date('2020-10-27','YYYY-MM-DD'),'faq 테스트5',0);
Insert into MINI_NOTICE (NT_NUM,NTGU_CODE,USER_ID,NT_STAT,NTCONT_STAT,NT_DT,NT_TITLE,NT_PANUM) values (31,'NT002','a001',1,1,to_date('2020-10-27','YYYY-MM-DD'),'faq 테스트6',0);
Insert into MINI_NOTICE (NT_NUM,NTGU_CODE,USER_ID,NT_STAT,NTCONT_STAT,NT_DT,NT_TITLE,NT_PANUM) values (32,'NT002','a001',1,1,to_date('2020-10-27','YYYY-MM-DD'),'faq 테스트7',0);
Insert into MINI_NOTICE (NT_NUM,NTGU_CODE,USER_ID,NT_STAT,NTCONT_STAT,NT_DT,NT_TITLE,NT_PANUM) values (33,'NT002','a001',1,1,to_date('2020-10-27','YYYY-MM-DD'),'faq 테스트8',0);
Insert into MINI_NOTICE (NT_NUM,NTGU_CODE,USER_ID,NT_STAT,NTCONT_STAT,NT_DT,NT_TITLE,NT_PANUM) values (34,'NT002','a001',1,1,to_date('2020-10-27','YYYY-MM-DD'),'faq 테스트8',0);
Insert into MINI_NOTICE (NT_NUM,NTGU_CODE,USER_ID,NT_STAT,NTCONT_STAT,NT_DT,NT_TITLE,NT_PANUM) values (35,'NT002','a001',1,1,to_date('2020-10-27','YYYY-MM-DD'),'faq9',0);
Insert into MINI_NOTICE (NT_NUM,NTGU_CODE,USER_ID,NT_STAT,NTCONT_STAT,NT_DT,NT_TITLE,NT_PANUM) values (36,'NT002','a001',1,1,to_date('2020-10-27','YYYY-MM-DD'),'faq10',0);
Insert into MINI_NOTICE (NT_NUM,NTGU_CODE,USER_ID,NT_STAT,NTCONT_STAT,NT_DT,NT_TITLE,NT_PANUM) values (37,'NT002','a001',1,1,to_date('2020-10-27','YYYY-MM-DD'),'ffff',0);
Insert into MINI_NOTICE (NT_NUM,NTGU_CODE,USER_ID,NT_STAT,NTCONT_STAT,NT_DT,NT_TITLE,NT_PANUM) values (38,'NT002','a001',1,1,to_date('2020-10-28','YYYY-MM-DD'),'d',0);
Insert into MINI_NOTICE (NT_NUM,NTGU_CODE,USER_ID,NT_STAT,NTCONT_STAT,NT_DT,NT_TITLE,NT_PANUM) values (39,'NT002','a001',1,1,to_date('2020-10-28','YYYY-MM-DD'),'123',0);
Insert into MINI_NOTICE (NT_NUM,NTGU_CODE,USER_ID,NT_STAT,NTCONT_STAT,NT_DT,NT_TITLE,NT_PANUM) values (40,'NT001','a001',1,1,to_date('2020-10-28','YYYY-MM-DD'),'1234',0);
Insert into MINI_NOTICE (NT_NUM,NTGU_CODE,USER_ID,NT_STAT,NTCONT_STAT,NT_DT,NT_TITLE,NT_PANUM) values (41,'NT001','a001',1,1,to_date('2020-10-28','YYYY-MM-DD'),'fdsf',0);
Insert into MINI_NOTICE (NT_NUM,NTGU_CODE,USER_ID,NT_STAT,NTCONT_STAT,NT_DT,NT_TITLE,NT_PANUM) values (42,'NT001','a001',1,1,to_date('2020-10-28','YYYY-MM-DD'),'답글테스트',41);
Insert into MINI_NOTICE (NT_NUM,NTGU_CODE,USER_ID,NT_STAT,NTCONT_STAT,NT_DT,NT_TITLE,NT_PANUM) values (43,'NT003','a001',1,1,to_date('2020-10-28','YYYY-MM-DD'),'3',0);
Insert into MINI_NOTICE (NT_NUM,NTGU_CODE,USER_ID,NT_STAT,NTCONT_STAT,NT_DT,NT_TITLE,NT_PANUM) values (44,'NT001','a001',1,1,to_date('2020-10-28','YYYY-MM-DD'),'1',0);
Insert into MINI_NOTICE (NT_NUM,NTGU_CODE,USER_ID,NT_STAT,NTCONT_STAT,NT_DT,NT_TITLE,NT_PANUM) values (45,'NT001','a001',1,1,to_date('2020-10-28','YYYY-MM-DD'),'dd',42);
Insert into MINI_NOTICE (NT_NUM,NTGU_CODE,USER_ID,NT_STAT,NTCONT_STAT,NT_DT,NT_TITLE,NT_PANUM) values (46,'NT001','a001',1,0,to_date('2020-10-28','YYYY-MM-DD'),'4번째답글',45);
Insert into MINI_NOTICE (NT_NUM,NTGU_CODE,USER_ID,NT_STAT,NTCONT_STAT,NT_DT,NT_TITLE,NT_PANUM) values (47,'NT001','a001',1,1,to_date('2020-10-28','YYYY-MM-DD'),'답글테스트',25);
Insert into MINI_NOTICE (NT_NUM,NTGU_CODE,USER_ID,NT_STAT,NTCONT_STAT,NT_DT,NT_TITLE,NT_PANUM) values (48,'DD1234','a001',1,1,to_date('2020-10-28','YYYY-MM-DD'),'saf',0);
Insert into MINI_NOTICE (NT_NUM,NTGU_CODE,USER_ID,NT_STAT,NTCONT_STAT,NT_DT,NT_TITLE,NT_PANUM) values (49,'NT007','a001',1,1,to_date('2020-10-28','YYYY-MM-DD'),'대전 중구청 맛집',0);
Insert into MINI_NOTICE (NT_NUM,NTGU_CODE,USER_ID,NT_STAT,NTCONT_STAT,NT_DT,NT_TITLE,NT_PANUM) values (50,'NT007','a001',1,1,to_date('2020-10-28','YYYY-MM-DD'),'??',49);
Insert into MINI_NOTICE (NT_NUM,NTGU_CODE,USER_ID,NT_STAT,NTCONT_STAT,NT_DT,NT_TITLE,NT_PANUM) values (51,'NT001','a001',1,1,to_date('2020-10-28','YYYY-MM-DD'),'파일첨부테스트 11',0);
Insert into MINI_NOTICE (NT_NUM,NTGU_CODE,USER_ID,NT_STAT,NTCONT_STAT,NT_DT,NT_TITLE,NT_PANUM) values (52,'NT001','a001',1,1,to_date('2020-10-29','YYYY-MM-DD'),'파일첨부테스트 33',0);
Insert into MINI_NOTICE (NT_NUM,NTGU_CODE,USER_ID,NT_STAT,NTCONT_STAT,NT_DT,NT_TITLE,NT_PANUM) values (53,'NT001','a001',1,1,to_date('2020-10-28','YYYY-MM-DD'),'1234',0);
Insert into MINI_NOTICE (NT_NUM,NTGU_CODE,USER_ID,NT_STAT,NTCONT_STAT,NT_DT,NT_TITLE,NT_PANUM) values (54,'NT001','a001',1,0,to_date('2020-10-29','YYYY-MM-DD'),'124',0);
Insert into MINI_NOTICE (NT_NUM,NTGU_CODE,USER_ID,NT_STAT,NTCONT_STAT,NT_DT,NT_TITLE,NT_PANUM) values (55,'NT001','a001',1,0,to_date('2020-10-29','YYYY-MM-DD'),'테스트코드',0);
Insert into MINI_NOTICE (NT_NUM,NTGU_CODE,USER_ID,NT_STAT,NTCONT_STAT,NT_DT,NT_TITLE,NT_PANUM) values (56,'NT001','a001',1,0,to_date('2020-10-29','YYYY-MM-DD'),'테스트코드 제목 수정',0);
Insert into MINI_NOTICE (NT_NUM,NTGU_CODE,USER_ID,NT_STAT,NTCONT_STAT,NT_DT,NT_TITLE,NT_PANUM) values (57,'NT2222','a001',1,0,to_date('2020-10-29','YYYY-MM-DD'),'서비스 제목 수정',0);
Insert into MINI_NOTICE (NT_NUM,NTGU_CODE,USER_ID,NT_STAT,NTCONT_STAT,NT_DT,NT_TITLE,NT_PANUM) values (58,'NT2222','a001',1,1,to_date('2020-10-29','YYYY-MM-DD'),'서비스테스트',0);
Insert into MINI_NOTICE (NT_NUM,NTGU_CODE,USER_ID,NT_STAT,NTCONT_STAT,NT_DT,NT_TITLE,NT_PANUM) values (60,'NT2222','a001',1,1,to_date('2020-10-29','YYYY-MM-DD'),'서비스테스트',0);
Insert into MINI_NOTICE (NT_NUM,NTGU_CODE,USER_ID,NT_STAT,NTCONT_STAT,NT_DT,NT_TITLE,NT_PANUM) values (61,'NT2222','a001',1,1,to_date('2020-10-29','YYYY-MM-DD'),'서비스테스트',0);
Insert into MINI_NOTICE (NT_NUM,NTGU_CODE,USER_ID,NT_STAT,NTCONT_STAT,NT_DT,NT_TITLE,NT_PANUM) values (62,'NT001','a001',1,1,to_date('2020-10-29','YYYY-MM-DD'),'ㄴㅁㅇㅁㄴㅇㅁㄴ',0);
Insert into MINI_NOTICE (NT_NUM,NTGU_CODE,USER_ID,NT_STAT,NTCONT_STAT,NT_DT,NT_TITLE,NT_PANUM) values (63,'NT001','a001',1,0,to_date('2020-10-29','YYYY-MM-DD'),'답글',62);
Insert into MINI_NOTICE (NT_NUM,NTGU_CODE,USER_ID,NT_STAT,NTCONT_STAT,NT_DT,NT_TITLE,NT_PANUM) values (64,'NT2222','a001',1,1,to_date('2020-10-29','YYYY-MM-DD'),'서비스테스트',0);
Insert into MINI_NOTICE (NT_NUM,NTGU_CODE,USER_ID,NT_STAT,NTCONT_STAT,NT_DT,NT_TITLE,NT_PANUM) values (65,'NT001','a001',1,1,to_date('2020-10-29','YYYY-MM-DD'),'테스트코드',0);
Insert into MINI_NOTICE (NT_NUM,NTGU_CODE,USER_ID,NT_STAT,NTCONT_STAT,NT_DT,NT_TITLE,NT_PANUM) values (81,'NT001','a001',1,1,to_date('2020-11-16','YYYY-MM-DD'),'테스트1',0);
Insert into MINI_NOTICE (NT_NUM,NTGU_CODE,USER_ID,NT_STAT,NTCONT_STAT,NT_DT,NT_TITLE,NT_PANUM) values (82,'NT002','a001',1,1,to_date('2020-11-16','YYYY-MM-DD'),'ㅇ',0);
Insert into MINI_NOTICE (NT_NUM,NTGU_CODE,USER_ID,NT_STAT,NTCONT_STAT,NT_DT,NT_TITLE,NT_PANUM) values (83,'NT001','a001',1,0,to_date('2020-11-16','YYYY-MM-DD'),'수정테스트',0);
Insert into MINI_NOTICE (NT_NUM,NTGU_CODE,USER_ID,NT_STAT,NTCONT_STAT,NT_DT,NT_TITLE,NT_PANUM) values (84,'NT002','a001',1,0,to_date('2020-11-16','YYYY-MM-DD'),'파일업로드테스ㅡ2',0);
Insert into MINI_NOTICE (NT_NUM,NTGU_CODE,USER_ID,NT_STAT,NTCONT_STAT,NT_DT,NT_TITLE,NT_PANUM) values (85,'NT001','a001',1,1,to_date('2020-11-16','YYYY-MM-DD'),'ㅁㄴㅇㅁㄴ',83);
Insert into MINI_NOTICE (NT_NUM,NTGU_CODE,USER_ID,NT_STAT,NTCONT_STAT,NT_DT,NT_TITLE,NT_PANUM) values (86,'NT001','a001',1,1,to_date('2020-11-16','YYYY-MM-DD'),'ㄷㄷ',0);
Insert into MINI_NOTICE (NT_NUM,NTGU_CODE,USER_ID,NT_STAT,NTCONT_STAT,NT_DT,NT_TITLE,NT_PANUM) values (87,'NT1010','a001',1,0,to_date('2020-11-16','YYYY-MM-DD'),'ㅇㅇㅇ',0);
Insert into MINI_NOTICE (NT_NUM,NTGU_CODE,USER_ID,NT_STAT,NTCONT_STAT,NT_DT,NT_TITLE,NT_PANUM) values (88,'NT002','a001',1,1,to_date('2020-11-16','YYYY-MM-DD'),'fgj',0);
Insert into MINI_NOTICE (NT_NUM,NTGU_CODE,USER_ID,NT_STAT,NTCONT_STAT,NT_DT,NT_TITLE,NT_PANUM) values (89,'NT001','a001',1,1,to_date('2020-11-16','YYYY-MM-DD'),'gfkjfgjk',0);
Insert into MINI_NOTICE (NT_NUM,NTGU_CODE,USER_ID,NT_STAT,NTCONT_STAT,NT_DT,NT_TITLE,NT_PANUM) values (90,'NT002','a001',1,1,to_date('2020-11-16','YYYY-MM-DD'),'f',0);
Insert into MINI_NOTICE (NT_NUM,NTGU_CODE,USER_ID,NT_STAT,NTCONT_STAT,NT_DT,NT_TITLE,NT_PANUM) values (91,'NT003','a001',1,1,to_date('2020-11-16','YYYY-MM-DD'),'ghkl',0);


TRUNCATE TABLE NT_FILE;
Insert into NT_FILE (FILENUM,NT_NUM,FILENAME,FILEPATH) values (42,57,'서비스 경로','서비스 경로');
Insert into NT_FILE (FILENUM,NT_NUM,FILENAME,FILEPATH) values (40,57,'서비스 경로','서비스 경로');
Insert into NT_FILE (FILENUM,NT_NUM,FILENAME,FILEPATH) values (4,27,'4.jpg','D:\upload\d888b651-7fc3-40a4-97f0-eb1a59062549.jpg');
Insert into NT_FILE (FILENUM,NT_NUM,FILENAME,FILEPATH) values (5,28,'5.jpg','D:\upload\48b763ba-47f0-45ee-beee-9c71ca3ddec7.jpg');
Insert into NT_FILE (FILENUM,NT_NUM,FILENAME,FILEPATH) values (6,29,'1.jpg','D:\upload\3812abb3-0a34-4fe9-97e9-8bda9ec85bb3.jpg');
Insert into NT_FILE (FILENUM,NT_NUM,FILENAME,FILEPATH) values (7,30,'2.jpg','D:\upload\e1286359-afb4-48ed-a99a-6f2008286d63.jpg');
Insert into NT_FILE (FILENUM,NT_NUM,FILENAME,FILEPATH) values (8,31,'4.jpg','D:\upload\96781dc4-b858-4f55-9f8a-69a69d4f4953.jpg');
Insert into NT_FILE (FILENUM,NT_NUM,FILENAME,FILEPATH) values (9,32,'patten 표현.png','D:\upload\5f453128-a6c1-4311-a721-620a2f4b97c4.png');
Insert into NT_FILE (FILENUM,NT_NUM,FILENAME,FILEPATH) values (11,34,'전처리 후처리.png','D:\upload\0584b806-421e-40e5-96ef-715213b69c4c.png');
Insert into NT_FILE (FILENUM,NT_NUM,FILENAME,FILEPATH) values (12,35,'patten 표현.png','D:\upload\59c6ac09-caf7-46cd-97a0-c2821b8857d8.png');
Insert into NT_FILE (FILENUM,NT_NUM,FILENAME,FILEPATH) values (13,36,'전처리 후처리.png','D:\upload\515648b0-41b8-4e75-a9e7-f87a787d38b3.png');
Insert into NT_FILE (FILENUM,NT_NUM,FILENAME,FILEPATH) values (14,37,'전처리 후처리.png','D:\upload\b13f7030-eab4-4576-8a1e-4038a458a472.png');
Insert into NT_FILE (FILENUM,NT_NUM,FILENAME,FILEPATH) values (15,38,'4.jpg','D:\upload\1a39899b-4e5c-418a-8094-c9d06b9b7036.jpg');
Insert into NT_FILE (FILENUM,NT_NUM,FILENAME,FILEPATH) values (16,39,'3.jpg','D:\upload\dd3d6ac5-c349-47e3-9084-313cd99179ab.jpg');
Insert into NT_FILE (FILENUM,NT_NUM,FILENAME,FILEPATH) values (17,40,null,null);
Insert into NT_FILE (FILENUM,NT_NUM,FILENAME,FILEPATH) values (18,41,null,null);
Insert into NT_FILE (FILENUM,NT_NUM,FILENAME,FILEPATH) values (19,43,null,null);
Insert into NT_FILE (FILENUM,NT_NUM,FILENAME,FILEPATH) values (41,57,'서비스 경로','서비스 경로');
Insert into NT_FILE (FILENUM,NT_NUM,FILENAME,FILEPATH) values (43,57,'서비스 경로','서비스 경로');
Insert into NT_FILE (FILENUM,NT_NUM,FILENAME,FILEPATH) values (47,57,'서비스 경로','서비스 경로');
Insert into NT_FILE (FILENUM,NT_NUM,FILENAME,FILEPATH) values (45,62,'3.jpg','D:\upload\7d0215db-3c9b-4c09-9673-f6305c69319a.jpg');
Insert into NT_FILE (FILENUM,NT_NUM,FILENAME,FILEPATH) values (46,62,'patten 표현.png','D:\upload\81800af1-3189-4d17-b626-808c84d1f54e.png');
Insert into NT_FILE (FILENUM,NT_NUM,FILENAME,FILEPATH) values (48,55,'파일 테스트','파일경로테스트');
Insert into NT_FILE (FILENUM,NT_NUM,FILENAME,FILEPATH) values (76,89,null,'d:\upload\69226fcf-2f74-4dc4-8831-6681ea3643e5.null');
Insert into NT_FILE (FILENUM,NT_NUM,FILENAME,FILEPATH) values (68,85,null,'d:\upload\5f08f36c-67d6-44ee-bbaa-c07611cc17c0.null');
Insert into NT_FILE (FILENUM,NT_NUM,FILENAME,FILEPATH) values (77,90,null,'d:\upload\15e62466-ec0c-41f2-980e-f768d902e03b.null');
Insert into NT_FILE (FILENUM,NT_NUM,FILENAME,FILEPATH) values (70,86,null,'d:\upload\533f3be4-542c-47c3-aae5-d5e9a1763ba4.null');
Insert into NT_FILE (FILENUM,NT_NUM,FILENAME,FILEPATH) values (78,91,'james.png','d:\upload\6286cc1c-b4cf-4bd5-871a-8ade18398296.png');
Insert into NT_FILE (FILENUM,NT_NUM,FILENAME,FILEPATH) values (79,91,'moon.png','d:\upload\9929a30b-4a35-49a8-9ff2-387cab21a66d.png');
Insert into NT_FILE (FILENUM,NT_NUM,FILENAME,FILEPATH) values (74,86,'sally.png','d:\upload\2bf3f16f-5dff-4d7b-ae4a-3eef131e9656.png');
Insert into NT_FILE (FILENUM,NT_NUM,FILENAME,FILEPATH) values (75,88,null,'d:\upload\8875a4c5-e0d1-4477-8641-6edf632f83ff.null');
Insert into NT_FILE (FILENUM,NT_NUM,FILENAME,FILEPATH) values (80,91,'ryan.png','d:\upload\3c13e3f7-0bec-4b45-963b-05ceeaf8c703.png');
Insert into NT_FILE (FILENUM,NT_NUM,FILENAME,FILEPATH) values (81,91,'sally.png','d:\upload\f8dd2c54-0de4-4b78-b1c0-19fcaa8dbc03.png');


TRUNCATE TABLE NT_REPLY;
Insert into NT_REPLY (REP_NUM,NT_NUM,REP_STAT,REP_DT,REP_CONT,USER_ID) values (8,2,1,to_date('2020-10-27','YYYY-MM-DD'),'댓글테스트','a001');
Insert into NT_REPLY (REP_NUM,NT_NUM,REP_STAT,REP_DT,REP_CONT,USER_ID) values (9,2,1,to_date('2020-10-27','YYYY-MM-DD'),'등록중','a001');
Insert into NT_REPLY (REP_NUM,NT_NUM,REP_STAT,REP_DT,REP_CONT,USER_ID) values (10,2,0,to_date('2020-10-27','YYYY-MM-DD'),'1234','a001');
Insert into NT_REPLY (REP_NUM,NT_NUM,REP_STAT,REP_DT,REP_CONT,USER_ID) values (11,2,0,to_date('2020-10-27','YYYY-MM-DD'),'ㅇ률ㅇ놓ㅇ로','a001');
Insert into NT_REPLY (REP_NUM,NT_NUM,REP_STAT,REP_DT,REP_CONT,USER_ID) values (12,2,1,to_date('2020-10-27','YYYY-MM-DD'),'댓글 수정테스트
마마','a001');
Insert into NT_REPLY (REP_NUM,NT_NUM,REP_STAT,REP_DT,REP_CONT,USER_ID) values (1,1,1,to_date('2020-10-26','YYYY-MM-DD'),'댓글 초기데이터','b001');
Insert into NT_REPLY (REP_NUM,NT_NUM,REP_STAT,REP_DT,REP_CONT,USER_ID) values (2,2,1,to_date('2020-10-26','YYYY-MM-DD'),'댓글 초기데이터','c001');
Insert into NT_REPLY (REP_NUM,NT_NUM,REP_STAT,REP_DT,REP_CONT,USER_ID) values (3,3,1,to_date('2020-10-26','YYYY-MM-DD'),'댓글 초기데이터','d001');
Insert into NT_REPLY (REP_NUM,NT_NUM,REP_STAT,REP_DT,REP_CONT,USER_ID) values (4,4,1,to_date('2020-10-26','YYYY-MM-DD'),'댓글 초기데이터','e001');
Insert into NT_REPLY (REP_NUM,NT_NUM,REP_STAT,REP_DT,REP_CONT,USER_ID) values (5,5,1,to_date('2020-10-26','YYYY-MM-DD'),'댓글 초기데이터','a001');
Insert into NT_REPLY (REP_NUM,NT_NUM,REP_STAT,REP_DT,REP_CONT,USER_ID) values (6,1,1,to_date('2020-10-26','YYYY-MM-DD'),'두번째댓글','c001');
Insert into NT_REPLY (REP_NUM,NT_NUM,REP_STAT,REP_DT,REP_CONT,USER_ID) values (13,2,1,to_date('2020-10-27','YYYY-MM-DD'),'ㅇ
ㅇ
ㅇ
ㅇ
','a001');
Insert into NT_REPLY (REP_NUM,NT_NUM,REP_STAT,REP_DT,REP_CONT,USER_ID) values (14,22,1,to_date('2020-10-27','YYYY-MM-DD'),'ddd','a001');
Insert into NT_REPLY (REP_NUM,NT_NUM,REP_STAT,REP_DT,REP_CONT,USER_ID) values (15,22,1,to_date('2020-10-27','YYYY-MM-DD'),'asdasd','a001');
Insert into NT_REPLY (REP_NUM,NT_NUM,REP_STAT,REP_DT,REP_CONT,USER_ID) values (16,25,0,to_date('2020-10-27','YYYY-MM-DD'),'asfasf','a001');
Insert into NT_REPLY (REP_NUM,NT_NUM,REP_STAT,REP_DT,REP_CONT,USER_ID) values (17,42,1,to_date('2020-10-29','YYYY-MM-DD'),'댓글테스트','a001');
Insert into NT_REPLY (REP_NUM,NT_NUM,REP_STAT,REP_DT,REP_CONT,USER_ID) values (18,42,1,to_date('2020-10-29','YYYY-MM-DD'),'댓글 수정 테스트코드','a001');
Insert into NT_REPLY (REP_NUM,NT_NUM,REP_STAT,REP_DT,REP_CONT,USER_ID) values (19,42,0,to_date('2020-10-29','YYYY-MM-DD'),'댓글테스트코드','a001');
Insert into NT_REPLY (REP_NUM,NT_NUM,REP_STAT,REP_DT,REP_CONT,USER_ID) values (20,42,0,to_date('2020-10-29','YYYY-MM-DD'),'댓글 서비스 테스트','a001');
Insert into NT_REPLY (REP_NUM,NT_NUM,REP_STAT,REP_DT,REP_CONT,USER_ID) values (21,54,1,to_date('2020-10-29','YYYY-MM-DD'),'safasfasdsadfggasg','a001');
Insert into NT_REPLY (REP_NUM,NT_NUM,REP_STAT,REP_DT,REP_CONT,USER_ID) values (22,42,1,to_date('2020-10-29','YYYY-MM-DD'),'댓글 서비스 테스트','a001');
Insert into NT_REPLY (REP_NUM,NT_NUM,REP_STAT,REP_DT,REP_CONT,USER_ID) values (23,42,1,to_date('2020-10-29','YYYY-MM-DD'),'댓글 서비스 테스트','a001');
Insert into NT_REPLY (REP_NUM,NT_NUM,REP_STAT,REP_DT,REP_CONT,USER_ID) values (24,42,1,to_date('2020-10-29','YYYY-MM-DD'),'댓글 서비스 테스트','a001');
Insert into NT_REPLY (REP_NUM,NT_NUM,REP_STAT,REP_DT,REP_CONT,USER_ID) values (25,42,1,to_date('2020-10-29','YYYY-MM-DD'),'댓글 서비스 테스트','a001');
Insert into NT_REPLY (REP_NUM,NT_NUM,REP_STAT,REP_DT,REP_CONT,USER_ID) values (26,62,1,to_date('2020-10-29','YYYY-MM-DD'),'123ㅇㄹㅇㄴㅁㄹㄴㅇㄹㄴㅇㅁㅀㅇㄴ','a001');
Insert into NT_REPLY (REP_NUM,NT_NUM,REP_STAT,REP_DT,REP_CONT,USER_ID) values (27,62,0,to_date('2020-10-29','YYYY-MM-DD'),'ㄴㅁㅇㄻㅇㄴㄹ','a001');
Insert into NT_REPLY (REP_NUM,NT_NUM,REP_STAT,REP_DT,REP_CONT,USER_ID) values (28,42,1,to_date('2020-10-29','YYYY-MM-DD'),'댓글 서비스 테스트','a001');
Insert into NT_REPLY (REP_NUM,NT_NUM,REP_STAT,REP_DT,REP_CONT,USER_ID) values (29,42,1,to_date('2020-10-29','YYYY-MM-DD'),'댓글테스트코드','a001');
Insert into NT_REPLY (REP_NUM,NT_NUM,REP_STAT,REP_DT,REP_CONT,USER_ID) values (41,83,0,to_date('2020-11-16','YYYY-MM-DD'),'댓글테스트ㅁㄴㅇㅁㄴㅇ','a001');
Insert into NT_REPLY (REP_NUM,NT_NUM,REP_STAT,REP_DT,REP_CONT,USER_ID) values (42,83,0,to_date('2020-11-16','YYYY-MM-DD'),'ㅁㄴㅇㄴㅁㅇ','a001');
COMMIT;